,date,actual,forecast,error,abs_error,percentage_error
2024-01-01,2024-01-01,0.0,0.2074426371991327,-0.2074426371991327,0.2074426371991327,inf
2024-01-02,2024-01-02,0.0,0.2021313098870702,-0.2021313098870702,0.2021313098870702,inf
2024-01-03,2024-01-03,0.0,0.2018459871628681,-0.2018459871628681,0.2018459871628681,inf
2024-01-04,2024-01-04,0.12,0.20156106719199002,-0.08156106719199002,0.08156106719199002,67.96755599332502
2024-01-05,2024-01-05,0.25,0.201276549405921,0.04872345059407901,0.04872345059407901,19.489380237631604
2024-01-06,2024-01-06,0.25,0.20099243323694854,0.04900756676305146,0.04900756676305146,19.603026705220582
2024-01-07,2024-01-07,0.12,0.20070871811816157,-0.08070871811816158,0.08070871811816158,67.25726509846798
2024-01-08,2024-01-08,0.0,0.2004254034834492,-0.2004254034834492,0.2004254034834492,inf
2024-01-09,2024-01-09,0.0,0.20014248876749968,-0.20014248876749968,0.20014248876749968,inf
2024-01-10,2024-01-10,0.12,0.19985997340579922,-0.07985997340579923,0.07985997340579923,66.54997783816603
2024-01-11,2024-01-11,0.0,0.1995778568346309,-0.1995778568346309,0.1995778568346309,inf
2024-01-12,2024-01-12,0.0,0.19929613849107347,-0.19929613849107347,0.19929613849107347,inf
2024-01-13,2024-01-13,0.12,0.19901481781300037,-0.07901481781300038,0.07901481781300038,65.84568151083366
2024-01-14,2024-01-14,0.0,0.19873389423907847,-0.19873389423907847,0.19873389423907847,inf
2024-01-15,2024-01-15,0.0,0.198453367208767,-0.198453367208767,0.198453367208767,inf
2024-01-16,2024-01-16,0.75,0.19817323616231644,0.5518267638376836,0.5518267638376836,73.57690184502448
2024-01-17,2024-01-17,0.0,0.1978935005407674,-0.1978935005407674,0.1978935005407674,inf
2024-01-18,2024-01-18,0.12,0.1976141597859495,-0.07761415978594952,0.07761415978594952,64.67846648829126
2024-01-19,2024-01-19,0.12,0.1973352133404803,-0.0773352133404803,0.0773352133404803,64.44601111706692
2024-01-20,2024-01-20,0.25,0.19705666064776403,0.05294333935223597,0.05294333935223597,21.17733574089439
2024-01-21,2024-01-21,0.0,0.1967785011519907,-0.1967785011519907,0.1967785011519907,inf
2024-01-22,2024-01-22,0.0,0.19650073429813483,-0.19650073429813483,0.19650073429813483,inf
2024-01-23,2024-01-23,0.0,0.19622335953195447,-0.19622335953195447,0.19622335953195447,inf
2024-01-24,2024-01-24,0.12,0.19594637629998993,-0.07594637629998993,0.07594637629998993,63.28864691665827
2024-01-25,2024-01-25,0.0,0.1956697840495628,-0.1956697840495628,0.1956697840495628,inf
2024-01-26,2024-01-26,0.0,0.19539358222877487,-0.19539358222877487,0.19539358222877487,inf
2024-01-27,2024-01-27,0.0,0.1951177702865069,-0.1951177702865069,0.1951177702865069,inf
2024-01-28,2024-01-28,0.0,0.19484234767241762,-0.19484234767241762,0.19484234767241762,inf
2024-01-29,2024-01-29,0.0,0.19456731383694262,-0.19456731383694262,0.19456731383694262,inf
2024-01-30,2024-01-30,0.0,0.1942926682312932,-0.1942926682312932,0.1942926682312932,inf
2024-01-31,2024-01-31,0.0,0.19401841030745537,-0.19401841030745537,0.19401841030745537,inf
2024-02-01,2024-02-01,0.0,0.19374453951818865,-0.19374453951818865,0.19374453951818865,inf
2024-02-02,2024-02-02,0.12,0.19347105531702508,-0.07347105531702508,0.07347105531702508,61.225879430854235
2024-02-03,2024-02-03,0.0,0.193197957158268,-0.193197957158268,0.193197957158268,inf
2024-02-04,2024-02-04,0.0,0.19292524449699117,-0.19292524449699117,0.19292524449699117,inf
2024-02-05,2024-02-05,0.0,0.1926529167890374,-0.1926529167890374,0.1926529167890374,inf
2024-02-06,2024-02-06,0.0,0.1923809734910177,-0.1923809734910177,0.1923809734910177,inf
2024-02-07,2024-02-07,0.0,0.19210941406031012,-0.19210941406031012,0.19210941406031012,inf
2024-02-08,2024-02-08,0.0,0.19183823795505864,-0.19183823795505864,0.19183823795505864,inf
2024-02-09,2024-02-09,0.0,0.19156744463417208,-0.19156744463417208,0.19156744463417208,inf
2024-02-10,2024-02-10,0.0,0.1912970335573231,-0.1912970335573231,0.1912970335573231,inf
2024-02-11,2024-02-11,0.0,0.19102700418494706,-0.19102700418494706,0.19102700418494706,inf
2024-02-12,2024-02-12,0.0,0.1907573559782409,-0.1907573559782409,0.1907573559782409,inf
2024-02-13,2024-02-13,0.0,0.19048808839916218,-0.19048808839916218,0.19048808839916218,inf
2024-02-14,2024-02-14,0.0,0.1902192009104279,-0.1902192009104279,0.1902192009104279,inf
2024-02-15,2024-02-15,0.5,0.18995069297551356,0.3100493070244864,0.3100493070244864,62.00986140489728
2024-02-16,2024-02-16,0.0,0.1896825640586519,-0.1896825640586519,0.1896825640586519,inf
2024-02-17,2024-02-17,0.0,0.18941481362483195,-0.18941481362483195,0.18941481362483195,inf
2024-02-18,2024-02-18,0.12,0.189147441139798,-0.06914744113979801,0.06914744113979801,57.62286761649834
2024-02-19,2024-02-19,0.0,0.18888044607004847,-0.18888044607004847,0.18888044607004847,inf
2024-02-20,2024-02-20,0.0,0.18861382788283482,-0.18861382788283482,0.18861382788283482,inf
2024-02-21,2024-02-21,0.0,0.1883475860461605,-0.1883475860461605,0.1883475860461605,inf
2024-02-22,2024-02-22,0.0,0.18808172002878,-0.18808172002878,0.18808172002878,inf
2024-02-23,2024-02-23,0.0,0.18781622930019762,-0.18781622930019762,0.18781622930019762,inf
2024-02-24,2024-02-24,1.0,0.18755111333066654,0.8124488866693335,0.8124488866693335,81.24488866693335
2024-02-25,2024-02-25,0.0,0.1872863715911877,-0.1872863715911877,0.1872863715911877,inf
2024-02-26,2024-02-26,0.12,0.1870220035535087,-0.06702200355350871,0.06702200355350871,55.851669627923926
2024-02-27,2024-02-27,0.0,0.18675800869012293,-0.18675800869012293,0.18675800869012293,inf
2024-02-28,2024-02-28,0.0,0.1864943864742683,-0.1864943864742683,0.1864943864742683,inf
2024-02-29,2024-02-29,0.0,0.18623113637992633,-0.18623113637992633,0.18623113637992633,inf
2024-03-01,2024-03-01,0.0,0.185968257881821,-0.185968257881821,0.185968257881821,inf
2024-03-02,2024-03-02,0.0,0.18570575045541782,-0.18570575045541782,0.18570575045541782,inf
2024-03-03,2024-03-03,0.0,0.18544361357692266,-0.18544361357692266,0.18544361357692266,inf
2024-03-04,2024-03-04,0.12,0.18518184672328078,-0.06518184672328078,0.06518184672328078,54.318205602734
2024-03-05,2024-03-05,0.0,0.18492044937217578,-0.18492044937217578,0.18492044937217578,inf
2024-03-06,2024-03-06,0.25,0.18465942100202853,0.06534057899797147,0.06534057899797147,26.136231599188587
2024-03-07,2024-03-07,0.5,0.1843987610919962,0.3156012389080038,0.3156012389080038,63.12024778160076
2024-03-08,2024-03-08,0.38,0.1841384691219711,0.1958615308780289,0.1958615308780289,51.542508125797085
2024-03-09,2024-03-09,0.12,0.1838785445725797,-0.06387854457257972,0.06387854457257972,53.23212047714977
2024-03-10,2024-03-10,0.0,0.1836189869251817,-0.1836189869251817,0.1836189869251817,inf
2024-03-11,2024-03-11,0.0,0.18335979566186877,-0.18335979566186877,0.18335979566186877,inf
2024-03-12,2024-03-12,0.0,0.18310097026546376,-0.18310097026546376,0.18310097026546376,inf
2024-03-13,2024-03-13,0.0,0.18284251021951947,-0.18284251021951947,0.18284251021951947,inf
2024-03-14,2024-03-14,0.0,0.18258441500831774,-0.18258441500831774,0.18258441500831774,inf
2024-03-15,2024-03-15,0.12,0.18232668411686836,-0.06232668411686837,0.06232668411686837,51.93890343072365
2024-03-16,2024-03-16,0.25,0.18206931703090812,0.06793068296909188,0.06793068296909188,27.172273187636755
2024-03-17,2024-03-17,0.12,0.18181231323689967,-0.061812313236899674,0.061812313236899674,51.510261030749724
2024-03-18,2024-03-18,0.12,0.18155567222203056,-0.061555672222030566,0.061555672222030566,51.296393518358805
2024-03-19,2024-03-19,0.12,0.18129939347421226,-0.06129939347421226,0.06129939347421226,51.082827895176884
2024-03-20,2024-03-20,0.0,0.18104347648207902,-0.18104347648207902,0.18104347648207902,inf
2024-03-21,2024-03-21,0.0,0.18078792073498698,-0.18078792073498698,0.18078792073498698,inf
2024-03-22,2024-03-22,0.0,0.18053272572301304,-0.18053272572301304,0.18053272572301304,inf
2024-03-23,2024-03-23,0.62,0.18027789093695393,0.4397221090630461,0.4397221090630461,70.92292081662033
2024-03-24,2024-03-24,0.12,0.18002341586832513,-0.06002341586832513,0.06002341586832513,50.01951322360427
2024-03-25,2024-03-25,0.0,0.1797693000093599,-0.1797693000093599,0.1797693000093599,inf
2024-03-26,2024-03-26,0.0,0.17951554285300825,-0.17951554285300825,0.17951554285300825,inf
2024-03-27,2024-03-27,0.0,0.17926214389293593,-0.17926214389293593,0.17926214389293593,inf
2024-03-28,2024-03-28,0.0,0.1790091026235234,-0.1790091026235234,0.1790091026235234,inf
2024-03-29,2024-03-29,0.0,0.17875641853986485,-0.17875641853986485,0.17875641853986485,inf
2024-03-30,2024-03-30,0.0,0.17850409113776716,-0.17850409113776716,0.17850409113776716,inf
2024-03-31,2024-03-31,0.12,0.17825211991374895,-0.058252119913748956,0.058252119913748956,48.543433261457466
2024-04-01,2024-04-01,0.0,0.17800050436503953,-0.17800050436503953,0.17800050436503953,inf
2024-04-02,2024-04-02,0.0,0.17774924398957787,-0.17774924398957787,0.17774924398957787,inf
2024-04-03,2024-04-03,0.0,0.17749833828601166,-0.17749833828601166,0.17749833828601166,inf
2024-04-04,2024-04-04,0.0,0.17724778675369632,-0.17724778675369632,0.17724778675369632,inf
2024-04-05,2024-04-05,0.0,0.17699758889269393,-0.17699758889269393,0.17699758889269393,inf
2024-04-06,2024-04-06,0.38,0.17674774420377223,0.20325225579622777,0.20325225579622777,53.48743573584941
2024-04-07,2024-04-07,0.25,0.17649825218840376,0.07350174781159624,0.07350174781159624,29.400699124638496
2024-04-08,2024-04-08,0.38,0.17624911234876467,0.20375088765123534,0.20375088765123534,53.61865464506192
2024-04-09,2024-04-09,0.38,0.17600032418773387,0.20399967581226613,0.20399967581226613,53.68412521375424
2024-04-10,2024-04-10,0.38,0.17575188720889198,0.20424811279110802,0.20424811279110802,53.74950336608105
2024-04-11,2024-04-11,0.38,0.17550380091652037,0.20449619908347963,0.20449619908347963,53.81478923249464
2024-04-12,2024-04-12,0.38,0.17525606481560013,0.20474393518439987,0.20474393518439987,53.87998294326313
2024-04-13,2024-04-13,0.62,0.1750086784118111,0.4449913215881889,0.4449913215881889,71.7727938045466
2024-04-14,2024-04-14,0.5,0.17476164121153093,0.3252383587884691,0.3252383587884691,65.04767175769382
2024-04-15,2024-04-15,0.25,0.17451495272183398,0.07548504727816602,0.07548504727816602,30.194018911266408
2024-04-16,2024-04-16,0.25,0.1742686124504905,0.0757313875495095,0.0757313875495095,30.292555019803803
2024-04-17,2024-04-17,0.0,0.1740226199059655,-0.1740226199059655,0.1740226199059655,inf
2024-04-18,2024-04-18,0.0,0.1737769745974178,-0.1737769745974178,0.1737769745974178,inf
2024-04-19,2024-04-19,0.0,0.17353167603469916,-0.17353167603469916,0.17353167603469916,inf
2024-04-20,2024-04-20,0.0,0.17328672372835316,-0.17328672372835316,0.17328672372835316,inf
2024-04-21,2024-04-21,0.0,0.1730421171896143,-0.1730421171896143,0.1730421171896143,inf
2024-04-22,2024-04-22,0.0,0.17279785593040697,-0.17279785593040697,0.17279785593040697,inf
2024-04-23,2024-04-23,0.0,0.17255393946334457,-0.17255393946334457,0.17255393946334457,inf
2024-04-24,2024-04-24,0.0,0.17231036730172847,-0.17231036730172847,0.17231036730172847,inf
2024-04-25,2024-04-25,0.0,0.17206713895954703,-0.17206713895954703,0.17206713895954703,inf
2024-04-26,2024-04-26,0.0,0.17182425395147466,-0.17182425395147466,0.17182425395147466,inf
2024-04-27,2024-04-27,0.0,0.17158171179287082,-0.17158171179287082,0.17158171179287082,inf
2024-04-28,2024-04-28,0.0,0.17133951199977912,-0.17133951199977912,0.17133951199977912,inf
2024-04-29,2024-04-29,0.0,0.17109765408892627,-0.17109765408892627,0.17109765408892627,inf
2024-04-30,2024-04-30,0.0,0.17085613757772117,-0.17085613757772117,0.17085613757772117,inf
2024-05-01,2024-05-01,0.0,0.17061496198425394,-0.17061496198425394,0.17061496198425394,inf
2024-05-02,2024-05-02,0.12,0.1703741268272949,-0.05037412682729492,0.05037412682729492,41.97843902274577
2024-05-03,2024-05-03,0.0,0.17013363162629375,-0.17013363162629375,0.17013363162629375,inf
2024-05-04,2024-05-04,0.0,0.16989347590137843,-0.16989347590137843,0.16989347590137843,inf
2024-05-05,2024-05-05,0.0,0.16965365917335432,-0.16965365917335432,0.16965365917335432,inf
2024-05-06,2024-05-06,0.0,0.16941418096370317,-0.16941418096370317,0.16941418096370317,inf
2024-05-07,2024-05-07,0.0,0.16917504079458223,-0.16917504079458223,0.16917504079458223,inf
2024-05-08,2024-05-08,0.0,0.16893623818882322,-0.16893623818882322,0.16893623818882322,inf
2024-05-09,2024-05-09,0.38,0.16869777266993147,0.21130222733006854,0.21130222733006854,55.605849297386456
2024-05-10,2024-05-10,0.38,0.16845964376208486,0.21154035623791514,0.21154035623791514,55.66851479945135
2024-05-11,2024-05-11,0.25,0.16822185099013295,0.08177814900986705,0.08177814900986705,32.71125960394682
2024-05-12,2024-05-12,0.0,0.16798439387959604,-0.16798439387959604,0.16798439387959604,inf
2024-05-13,2024-05-13,0.0,0.16774727195666414,-0.16774727195666414,0.16774727195666414,inf
2024-05-14,2024-05-14,0.0,0.1675104847481961,-0.1675104847481961,0.1675104847481961,inf
2024-05-15,2024-05-15,0.12,0.16727403178171865,-0.047274031781718656,0.047274031781718656,39.39502648476555
2024-05-16,2024-05-16,0.12,0.16703791258542544,-0.047037912585425445,0.047037912585425445,39.19826048785454
2024-05-17,2024-05-17,0.12,0.1668021266881761,-0.0468021266881761,0.0468021266881761,39.00177224014675
2024-05-18,2024-05-18,0.12,0.16656667361949531,-0.04656667361949532,0.04656667361949532,38.805561349579435
2024-05-19,2024-05-19,0.12,0.1663315529095719,-0.046331552909571916,0.046331552909571916,38.609627424643264
2024-05-20,2024-05-20,0.12,0.16609676408925783,-0.046096764089257836,0.046096764089257836,38.41397007438153
2024-05-21,2024-05-21,0.0,0.1658623066900673,-0.1658623066900673,0.1658623066900673,inf
2024-05-22,2024-05-22,0.0,0.16562818024417578,-0.16562818024417578,0.16562818024417578,inf
2024-05-23,2024-05-23,0.0,0.1653943842844192,-0.1653943842844192,0.1653943842844192,inf
2024-05-24,2024-05-24,0.0,0.1651609183442928,-0.1651609183442928,0.1651609183442928,inf
2024-05-25,2024-05-25,0.12,0.16492778195795046,-0.04492778195795047,0.04492778195795047,37.43981829829206
2024-05-26,2024-05-26,0.0,0.16469497466020355,-0.16469497466020355,0.16469497466020355,inf
2024-05-27,2024-05-27,0.0,0.1644624959865201,-0.1644624959865201,0.1644624959865201,inf
2024-05-28,2024-05-28,0.0,0.16423034547302387,-0.16423034547302387,0.16423034547302387,inf
2024-05-29,2024-05-29,0.0,0.1639985226564934,-0.1639985226564934,0.1639985226564934,inf
2024-05-30,2024-05-30,0.25,0.1637670270743611,0.08623297292563889,0.08623297292563889,34.493189170255555
2024-05-31,2024-05-31,0.12,0.16353585826471237,-0.043535858264712374,0.043535858264712374,36.27988188726031
2024-06-01,2024-06-01,0.0,0.16330501576628456,-0.16330501576628456,0.16330501576628456,inf
2024-06-02,2024-06-02,0.12,0.1630744991184662,-0.0430744991184662,0.0430744991184662,35.895415932055165
2024-06-03,2024-06-03,0.0,0.16284430786129594,-0.16284430786129594,0.16284430786129594,inf
2024-06-04,2024-06-04,0.0,0.16261444153546176,-0.16261444153546176,0.16261444153546176,inf
2024-06-05,2024-06-05,0.0,0.16238489968229994,-0.16238489968229994,0.16238489968229994,inf
2024-06-06,2024-06-06,0.0,0.16215568184379425,-0.16215568184379425,0.16215568184379425,inf
2024-06-07,2024-06-07,0.0,0.16192678756257492,-0.16192678756257492,0.16192678756257492,inf
2024-06-08,2024-06-08,0.0,0.16169821638191784,-0.16169821638191784,0.16169821638191784,inf
2024-06-09,2024-06-09,0.0,0.16146996784574358,-0.16146996784574358,0.16146996784574358,inf
2024-06-10,2024-06-10,0.12,0.16124204149861648,-0.04124204149861649,0.04124204149861649,34.368367915513744
2024-06-11,2024-06-11,0.12,0.1610144368857438,-0.0410144368857438,0.0410144368857438,34.178697404786504
2024-06-12,2024-06-12,0.12,0.16078715355297474,-0.04078715355297474,0.04078715355297474,33.989294627478955
2024-06-13,2024-06-13,0.12,0.16056019104679958,-0.04056019104679959,0.04056019104679959,33.800159205666326
2024-06-14,2024-06-14,0.0,0.16033354891434876,-0.16033354891434876,0.16033354891434876,inf
2024-06-15,2024-06-15,0.0,0.16010722670339197,-0.16010722670339197,0.16010722670339197,inf
2024-06-16,2024-06-16,0.0,0.15988122396233728,-0.15988122396233728,0.15988122396233728,inf
2024-06-17,2024-06-17,0.0,0.15965554024023015,-0.15965554024023015,0.15965554024023015,inf
2024-06-18,2024-06-18,0.0,0.1594301750867527,-0.1594301750867527,0.1594301750867527,inf
2024-06-19,2024-06-19,0.0,0.1592051280522226,-0.1592051280522226,0.1592051280522226,inf
2024-06-20,2024-06-20,0.0,0.1589803986875923,-0.1589803986875923,0.1589803986875923,inf
2024-06-21,2024-06-21,0.0,0.15875598654444822,-0.15875598654444822,0.15875598654444822,inf
2024-06-22,2024-06-22,0.0,0.1585318911750096,-0.1585318911750096,0.1585318911750096,inf
2024-06-23,2024-06-23,0.0,0.15830811213212784,-0.15830811213212784,0.15830811213212784,inf
2024-06-24,2024-06-24,0.0,0.15808464896928548,-0.15808464896928548,0.15808464896928548,inf
2024-06-25,2024-06-25,0.0,0.1578615012405954,-0.1578615012405954,0.1578615012405954,inf
2024-06-26,2024-06-26,0.0,0.15763866850079983,-0.15763866850079983,0.15763866850079983,inf
2024-06-27,2024-06-27,0.0,0.15741615030526956,-0.15741615030526956,0.15741615030526956,inf
2024-06-28,2024-06-28,0.0,0.15719394621000296,-0.15719394621000296,0.15719394621000296,inf
2024-06-29,2024-06-29,0.0,0.15697205577162518,-0.15697205577162518,0.15697205577162518,inf
2024-06-30,2024-06-30,0.0,0.1567504785473872,-0.1567504785473872,0.1567504785473872,inf
2024-07-01,2024-07-01,0.0,0.15652921409516496,-0.15652921409516496,0.15652921409516496,inf
2024-07-02,2024-07-02,0.0,0.15630826197345854,-0.15630826197345854,0.15630826197345854,inf
2024-07-03,2024-07-03,0.0,0.15608762174139118,-0.15608762174139118,0.15608762174139118,inf
2024-07-04,2024-07-04,0.12,0.15586729295870846,-0.03586729295870847,0.03586729295870847,29.889410798923727
2024-07-05,2024-07-05,0.0,0.15564727518577742,-0.15564727518577742,0.15564727518577742,inf
2024-07-06,2024-07-06,0.0,0.15542756798358567,-0.15542756798358567,0.15542756798358567,inf
2024-07-07,2024-07-07,0.0,0.15520817091374053,-0.15520817091374053,0.15520817091374053,inf
2024-07-08,2024-07-08,0.0,0.1549890835384681,-0.1549890835384681,0.1549890835384681,inf
2024-07-09,2024-07-09,0.12,0.1547703054206125,-0.03477030542061249,0.03477030542061249,28.975254517177078
2024-07-10,2024-07-10,0.0,0.15455183612363482,-0.15455183612363482,0.15455183612363482,inf
2024-07-11,2024-07-11,0.0,0.15433367521161248,-0.15433367521161248,0.15433367521161248,inf
2024-07-12,2024-07-12,0.0,0.15411582224923817,-0.15411582224923817,0.15411582224923817,inf
2024-07-13,2024-07-13,0.0,0.15389827680181903,-0.15389827680181903,0.15389827680181903,inf
2024-07-14,2024-07-14,0.0,0.15368103843527584,-0.15368103843527584,0.15368103843527584,inf
2024-07-15,2024-07-15,0.0,0.15346410671614208,-0.15346410671614208,0.15346410671614208,inf
2024-07-16,2024-07-16,0.12,0.15324748121156312,-0.033247481211563124,0.033247481211563124,27.70623434296927
2024-07-17,2024-07-17,0.12,0.15303116148929533,-0.03303116148929533,0.03303116148929533,27.525967907746107
2024-07-18,2024-07-18,0.0,0.15281514711770522,-0.15281514711770522,0.15281514711770522,inf
2024-07-19,2024-07-19,0.0,0.1525994376657686,-0.1525994376657686,0.1525994376657686,inf
2024-07-20,2024-07-20,0.0,0.1523840327030697,-0.1523840327030697,0.1523840327030697,inf
2024-07-21,2024-07-21,0.0,0.15216893179980026,-0.15216893179980026,0.15216893179980026,inf
2024-07-22,2024-07-22,0.0,0.1519541345267588,-0.1519541345267588,0.1519541345267588,inf
2024-07-23,2024-07-23,0.0,0.15173964045534963,-0.15173964045534963,0.15173964045534963,inf
2024-07-24,2024-07-24,0.0,0.15152544915758207,-0.15152544915758207,0.15152544915758207,inf
2024-07-25,2024-07-25,0.0,0.1513115602060696,-0.1513115602060696,0.1513115602060696,inf
2024-07-26,2024-07-26,0.0,0.15109797317402895,-0.15109797317402895,0.15109797317402895,inf
2024-07-27,2024-07-27,0.0,0.15088468763527935,-0.15088468763527935,0.15088468763527935,inf
2024-07-28,2024-07-28,0.12,0.15067170316424153,-0.03067170316424153,0.03067170316424153,25.559752636867945
2024-07-29,2024-07-29,0.0,0.150459019335937,-0.150459019335937,0.150459019335937,inf
2024-07-30,2024-07-30,0.25,0.15024663572598715,0.09975336427401285,0.09975336427401285,39.90134570960514
2024-07-31,2024-07-31,0.12,0.15003455191061243,-0.03003455191061244,0.03003455191061244,25.028793258843702
2024-08-01,2024-08-01,0.0,0.14982276746663148,-0.14982276746663148,0.14982276746663148,inf
2024-08-02,2024-08-02,0.0,0.14961128197146023,-0.14961128197146023,0.14961128197146023,inf
2024-08-03,2024-08-03,0.0,0.14940009500311122,-0.14940009500311122,0.14940009500311122,inf
2024-08-04,2024-08-04,0.0,0.14918920614019257,-0.14918920614019257,0.14918920614019257,inf
2024-08-05,2024-08-05,0.0,0.14897861496190726,-0.14897861496190726,0.14897861496190726,inf
2024-08-06,2024-08-06,0.0,0.14876832104805227,-0.14876832104805227,0.14876832104805227,inf
2024-08-07,2024-08-07,0.0,0.1485583239790177,-0.1485583239790177,0.1485583239790177,inf
2024-08-08,2024-08-08,0.0,0.14834862333578597,-0.14834862333578597,0.14834862333578597,inf
2024-08-09,2024-08-09,0.12,0.14813921869993096,-0.028139218699930968,0.028139218699930968,23.449348916609143
2024-08-10,2024-08-10,0.12,0.14793010965361722,-0.027930109653617224,0.027930109653617224,23.275091378014352
2024-08-11,2024-08-11,0.0,0.14772129577959905,-0.14772129577959905,0.14772129577959905,inf
2024-08-12,2024-08-12,0.25,0.14751277666121979,0.10248722333878021,0.10248722333878021,40.994889335512084
2024-08-13,2024-08-13,0.0,0.14730455188241084,-0.14730455188241084,0.14730455188241084,inf
2024-08-14,2024-08-14,0.0,0.147096621027691,-0.147096621027691,0.147096621027691,inf
2024-08-15,2024-08-15,0.0,0.1468889836821655,-0.1468889836821655,0.1468889836821655,inf
2024-08-16,2024-08-16,0.0,0.1466816394315252,-0.1466816394315252,0.1466816394315252,inf
2024-08-17,2024-08-17,0.0,0.14647458786204587,-0.14647458786204587,0.14647458786204587,inf
2024-08-18,2024-08-18,0.0,0.14626782856058718,-0.14626782856058718,0.14626782856058718,inf
2024-08-19,2024-08-19,0.0,0.14606136111459206,-0.14606136111459206,0.14606136111459206,inf
2024-08-20,2024-08-20,0.0,0.14585518511208573,-0.14585518511208573,0.14585518511208573,inf
2024-08-21,2024-08-21,0.0,0.145649300141675,-0.145649300141675,0.145649300141675,inf
2024-08-22,2024-08-22,0.0,0.14544370579254734,-0.14544370579254734,0.14544370579254734,inf
2024-08-23,2024-08-23,0.0,0.14523840165447013,-0.14523840165447013,0.14523840165447013,inf
2024-08-24,2024-08-24,0.0,0.14503338731778986,-0.14503338731778986,0.14503338731778986,inf
2024-08-25,2024-08-25,0.0,0.14482866237343123,-0.14482866237343123,0.14482866237343123,inf
2024-08-26,2024-08-26,0.0,0.14462422641289635,-0.14462422641289635,0.14462422641289635,inf
2024-08-27,2024-08-27,0.0,0.14442007902826404,-0.14442007902826404,0.14442007902826404,inf
2024-08-28,2024-08-28,0.12,0.14421621981218885,-0.024216219812188855,0.024216219812188855,20.180183176824045
2024-08-29,2024-08-29,0.12,0.1440126483579004,-0.0240126483579004,0.0240126483579004,20.010540298250334
2024-08-30,2024-08-30,0.75,0.1438093642592024,0.6061906357407976,0.6061906357407976,80.825418098773
2024-08-31,2024-08-31,0.0,0.14360636711047203,-0.14360636711047203,0.14360636711047203,inf
2024-09-01,2024-09-01,0.0,0.143403656506659,-0.143403656506659,0.143403656506659,inf
2024-09-02,2024-09-02,0.0,0.14320123204328478,-0.14320123204328478,0.14320123204328478,inf
2024-09-03,2024-09-03,0.0,0.14299909331644173,-0.14299909331644173,0.14299909331644173,inf
2024-09-04,2024-09-04,0.0,0.14279723992279245,-0.14279723992279245,0.14279723992279245,inf
2024-09-05,2024-09-05,0.0,0.14259567145956883,-0.14259567145956883,0.14259567145956883,inf
2024-09-06,2024-09-06,0.0,0.14239438752457131,-0.14239438752457131,0.14239438752457131,inf
2024-09-07,2024-09-07,0.0,0.14219338771616805,-0.14219338771616805,0.14219338771616805,inf
2024-09-08,2024-09-08,0.0,0.14199267163329415,-0.14199267163329415,0.14199267163329415,inf
2024-09-09,2024-09-09,0.0,0.14179223887545084,-0.14179223887545084,0.14179223887545084,inf
2024-09-10,2024-09-10,0.0,0.14159208904270468,-0.14159208904270468,0.14159208904270468,inf
2024-09-11,2024-09-11,0.0,0.14139222173568677,-0.14139222173568677,0.14139222173568677,inf
2024-09-12,2024-09-12,0.0,0.14119263655559194,-0.14119263655559194,0.14119263655559194,inf
2024-09-13,2024-09-13,0.0,0.14099333310417797,-0.14099333310417797,0.14099333310417797,inf
2024-09-14,2024-09-14,0.0,0.1407943109837648,-0.1407943109837648,0.1407943109837648,inf
2024-09-15,2024-09-15,0.0,0.14059556979723367,-0.14059556979723367,0.14059556979723367,inf
2024-09-16,2024-09-16,0.0,0.14039710914802644,-0.14039710914802644,0.14039710914802644,inf
2024-09-17,2024-09-17,0.0,0.14019892864014474,-0.14019892864014474,0.14019892864014474,inf
2024-09-18,2024-09-18,0.0,0.14000102787814914,-0.14000102787814914,0.14000102787814914,inf
2024-09-19,2024-09-19,0.0,0.13980340646715841,-0.13980340646715841,0.13980340646715841,inf
2024-09-20,2024-09-20,0.0,0.13960606401284875,-0.13960606401284875,0.13960606401284875,inf
2024-09-21,2024-09-21,0.0,0.13940900012145294,-0.13940900012145294,0.13940900012145294,inf
2024-09-22,2024-09-22,0.0,0.13921221439975962,-0.13921221439975962,0.13921221439975962,inf
2024-09-23,2024-09-23,0.0,0.13901570645511246,-0.13901570645511246,0.13901570645511246,inf
2024-09-24,2024-09-24,0.0,0.1388194758954094,-0.1388194758954094,0.1388194758954094,inf
2024-09-25,2024-09-25,0.0,0.13862352232910186,-0.13862352232910186,0.13862352232910186,inf
2024-09-26,2024-09-26,0.12,0.13842784536519395,-0.018427845365193957,0.018427845365193957,15.3565378043283
2024-09-27,2024-09-27,0.0,0.13823244461324172,-0.13823244461324172,0.13823244461324172,inf
2024-09-28,2024-09-28,0.0,0.1380373196833523,-0.1380373196833523,0.1380373196833523,inf
2024-09-29,2024-09-29,0.0,0.13784247018618329,-0.13784247018618329,0.13784247018618329,inf
2024-09-30,2024-09-30,0.0,0.13764789573294176,-0.13764789573294176,0.13764789573294176,inf
2024-10-01,2024-10-01,0.0,0.13745359593538367,-0.13745359593538367,0.13745359593538367,inf
2024-10-02,2024-10-02,0.0,0.13725957040581296,-0.13725957040581296,0.13725957040581296,inf
2024-10-03,2024-10-03,0.0,0.13706581875708088,-0.13706581875708088,0.13706581875708088,inf
2024-10-04,2024-10-04,0.0,0.1368723406025851,-0.1368723406025851,0.1368723406025851,inf
2024-10-05,2024-10-05,0.0,0.1366791355562691,-0.1366791355562691,0.1366791355562691,inf
2024-10-06,2024-10-06,0.0,0.1364862032326212,-0.1364862032326212,0.1364862032326212,inf
2024-10-07,2024-10-07,0.0,0.136293543246674,-0.136293543246674,0.136293543246674,inf
2024-10-08,2024-10-08,0.0,0.13610115521400343,-0.13610115521400343,0.13610115521400343,inf
2024-10-09,2024-10-09,0.12,0.1359090387507281,-0.015909038750728105,0.015909038750728105,13.257532292273421
2024-10-10,2024-10-10,0.0,0.1357171934735085,-0.1357171934735085,0.1357171934735085,inf
2024-10-11,2024-10-11,0.0,0.1355256189995462,-0.1355256189995462,0.1355256189995462,inf
2024-10-12,2024-10-12,0.38,0.13533431494658316,0.24466568505341685,0.24466568505341685,64.38570659300443
2024-10-13,2024-10-13,0.0,0.13514328093290087,-0.13514328093290087,0.13514328093290087,inf
2024-10-14,2024-10-14,0.0,0.1349525165773197,-0.1349525165773197,0.1349525165773197,inf
2024-10-15,2024-10-15,0.12,0.13476202149919803,-0.01476202149919803,0.01476202149919803,12.301684582665025
2024-10-16,2024-10-16,0.0,0.13457179531843158,-0.13457179531843158,0.13457179531843158,inf
2024-10-17,2024-10-17,0.0,0.1343818376554526,-0.1343818376554526,0.1343818376554526,inf
2024-10-18,2024-10-18,0.5,0.13419214813122918,0.36580785186877085,0.36580785186877085,73.16157037375417
2024-10-19,2024-10-19,0.62,0.13400272636726432,0.4859972736327357,0.4859972736327357,78.38665703753801
2024-10-20,2024-10-20,0.12,0.1338135719855954,-0.013813571985595408,0.013813571985595408,11.511309987996174
2024-10-21,2024-10-21,0.0,0.1336246846087933,-0.1336246846087933,0.1336246846087933,inf
2024-10-22,2024-10-22,0.0,0.1334360638599616,-0.1334360638599616,0.1334360638599616,inf
2024-10-23,2024-10-23,0.0,0.133247709362736,-0.133247709362736,0.133247709362736,inf
2024-10-24,2024-10-24,0.0,0.1330596207412834,-0.1330596207412834,0.1330596207412834,inf
2024-10-25,2024-10-25,0.0,0.13287179762030124,-0.13287179762030124,0.13287179762030124,inf
2024-10-26,2024-10-26,0.0,0.13268423962501671,-0.13268423962501671,0.13268423962501671,inf
2024-10-27,2024-10-27,0.0,0.13249694638118603,-0.13249694638118603,0.13249694638118603,inf
2024-10-28,2024-10-28,0.0,0.1323099175150937,-0.1323099175150937,0.1323099175150937,inf
2024-10-29,2024-10-29,0.0,0.13212315265355168,-0.13212315265355168,0.13212315265355168,inf
2024-10-30,2024-10-30,0.0,0.13193665142389882,-0.13193665142389882,0.13193665142389882,inf
2024-10-31,2024-10-31,0.12,0.13175041345399993,-0.011750413453999936,0.011750413453999936,9.792011211666614
2024-11-01,2024-11-01,0.88,0.13156443837224516,0.7484355616277548,0.7484355616277548,85.04949563951759
2024-11-02,2024-11-02,0.88,0.13137872580754917,0.7486212741924508,0.7486212741924508,85.07059934005123
2024-11-03,2024-11-03,0.0,0.13119327538935044,-0.13119327538935044,0.13119327538935044,inf
2024-11-04,2024-11-04,0.0,0.13100808674761058,-0.13100808674761058,0.13100808674761058,inf
2024-11-05,2024-11-05,0.0,0.13082315951281348,-0.13082315951281348,0.13082315951281348,inf
2024-11-06,2024-11-06,0.0,0.13063849331596464,-0.13063849331596464,0.13063849331596464,inf
2024-11-07,2024-11-07,0.0,0.1304540877885904,-0.1304540877885904,0.1304540877885904,inf
2024-11-08,2024-11-08,0.12,0.1302699425627373,-0.010269942562737305,0.010269942562737305,8.558285468947755
2024-11-09,2024-11-09,0.12,0.13008605727097117,-0.010086057270971172,0.010086057270971172,8.40504772580931
2024-11-10,2024-11-10,0.62,0.1299024315463766,0.4900975684536234,0.4900975684536234,79.04799491187474
2024-11-11,2024-11-11,0.5,0.12971906502255603,0.37028093497744397,0.37028093497744397,74.05618699548879
2024-11-12,2024-11-12,0.12,0.12953595733362916,-0.009535957333629164,0.009535957333629164,7.946631111357637
2024-11-13,2024-11-13,0.0,0.1293531081142321,-0.1293531081142321,0.1293531081142321,inf
2024-11-14,2024-11-14,0.0,0.1291705169995167,-0.1291705169995167,0.1291705169995167,inf
2024-11-15,2024-11-15,0.0,0.12898818362514988,-0.12898818362514988,0.12898818362514988,inf
2024-11-16,2024-11-16,0.0,0.1288061076273128,-0.1288061076273128,0.1288061076273128,inf
2024-11-17,2024-11-17,0.0,0.12862428864270012,-0.12862428864270012,0.12862428864270012,inf
2024-11-18,2024-11-18,0.0,0.12844272630851944,-0.12844272630851944,0.12844272630851944,inf
2024-11-19,2024-11-19,0.0,0.1282614202624904,-0.1282614202624904,0.1282614202624904,inf
2024-11-20,2024-11-20,0.12,0.12808037014284407,-0.008080370142844073,0.008080370142844073,6.733641785703395
2024-11-21,2024-11-21,0.0,0.12789957558832213,-0.12789957558832213,0.12789957558832213,inf
2024-11-22,2024-11-22,0.0,0.1277190362381762,-0.1277190362381762,0.1277190362381762,inf
2024-11-23,2024-11-23,0.5,0.1275387517321672,0.3724612482678328,0.3724612482678328,74.49224965356656
2024-11-24,2024-11-24,0.25,0.12735872171056445,0.12264127828943555,0.12264127828943555,49.05651131577422
2024-11-25,2024-11-25,0.0,0.12717894581414516,-0.12717894581414516,0.12717894581414516,inf
2024-11-26,2024-11-26,0.0,0.1269994236841935,-0.1269994236841935,0.1269994236841935,inf
2024-11-27,2024-11-27,0.0,0.1268201549625001,-0.1268201549625001,0.1268201549625001,inf
2024-11-28,2024-11-28,0.0,0.12664113929136112,-0.12664113929136112,0.12664113929136112,inf
2024-11-29,2024-11-29,0.0,0.12646237631357773,-0.12646237631357773,0.12646237631357773,inf
2024-11-30,2024-11-30,0.12,0.12628386567245528,-0.0062838656724552855,0.0062838656724552855,5.236554727046071
2024-12-01,2024-12-01,0.0,0.12610560701180262,-0.12610560701180262,0.12610560701180262,inf
2024-12-02,2024-12-02,0.0,0.1259275999759314,-0.1259275999759314,0.1259275999759314,inf
2024-12-03,2024-12-03,0.0,0.1257498442096553,-0.1257498442096553,0.1257498442096553,inf
2024-12-04,2024-12-04,0.0,0.12557233935828943,-0.12557233935828943,0.12557233935828943,inf
2024-12-05,2024-12-05,0.12,0.12539508506764957,-0.005395085067649574,0.005395085067649574,4.495904223041312
2024-12-06,2024-12-06,0.12,0.1252180809840514,-0.00521808098405141,0.00521808098405141,4.3484008200428415
2024-12-07,2024-12-07,0.25,0.1250413267543099,0.1249586732456901,0.1249586732456901,49.98346929827604
2024-12-08,2024-12-08,0.38,0.12486482202573856,0.25513517797426144,0.25513517797426144,67.14083630901617
2024-12-09,2024-12-09,0.75,0.12468856644614874,0.6253114335538512,0.6253114335538512,83.37485780718016
2024-12-10,2024-12-10,0.0,0.12451255966384893,-0.12451255966384893,0.12451255966384893,inf
2024-12-11,2024-12-11,0.12,0.12433680132764403,-0.004336801327644038,0.004336801327644038,3.6140011063700324
2024-12-12,2024-12-12,0.0,0.12416129108683473,-0.12416129108683473,0.12416129108683473,inf
2024-12-13,2024-12-13,0.0,0.12398602859121671,-0.12398602859121671,0.12398602859121671,inf
2024-12-14,2024-12-14,0.12,0.12381101349108002,-0.003811013491080026,0.003811013491080026,3.175844575900022
2024-12-15,2024-12-15,0.0,0.12363624543720833,-0.12363624543720833,0.12363624543720833,inf
2024-12-16,2024-12-16,0.12,0.12346172408087827,-0.0034617240808782757,0.0034617240808782757,2.8847700673985632
2024-12-17,2024-12-17,0.0,0.1232874490738587,-0.1232874490738587,0.1232874490738587,inf
2024-12-18,2024-12-18,0.0,0.12311342006841004,-0.12311342006841004,0.12311342006841004,inf
2024-12-19,2024-12-19,0.0,0.12293963671728358,-0.12293963671728358,0.12293963671728358,inf
2024-12-20,2024-12-20,0.0,0.12276609867372076,-0.12276609867372076,0.12276609867372076,inf
2024-12-21,2024-12-21,0.0,0.12259280559145251,-0.12259280559145251,0.12259280559145251,inf
2024-12-22,2024-12-22,0.25,0.12241975712469852,0.12758024287530148,0.12758024287530148,51.03209715012059
2024-12-23,2024-12-23,0.0,0.1222469529281666,-0.1222469529281666,0.1222469529281666,inf
2024-12-24,2024-12-24,0.0,0.12207439265705196,-0.12207439265705196,0.12207439265705196,inf
2024-12-25,2024-12-25,0.12,0.1219020759670365,-0.0019020759670365095,0.0019020759670365095,1.585063305863758
2024-12-26,2024-12-26,0.38,0.1217300025142882,0.2582699974857118,0.2582699974857118,67.96578881202942
2024-12-27,2024-12-27,0.38,0.12155817195546033,0.2584418280445397,0.2584418280445397,68.01100738014202
2024-12-28,2024-12-28,1.0,0.12138658394769083,0.8786134160523091,0.8786134160523091,87.86134160523092
2024-12-29,2024-12-29,1.0,0.12121523814860166,0.8787847618513983,0.8787847618513983,87.87847618513983
2024-12-30,2024-12-30,1.0,0.121044134216298,0.878955865783702,0.878955865783702,87.8955865783702
2024-12-31,2024-12-31,1.0,0.1208732718093677,0.8791267281906323,0.8791267281906323,87.91267281906323
